{
  "users": [
    {
      "id": "c1b4",
      "Username": "bala",
      "password": "12",
      "email": "baba"
    },
    {
      "id": "80f6",
      "Username": "",
      "password": "",
      "email": ""
    },
    {
      "id": "0456",
      "Username": "raj",
      "password": "123",
      "email": "21CS079@psr.edu.in"
    },
    {
      "id": "d238",
      "Username": "ashok",
      "password": "123",
      "email": "moi"
    },
    {
      "id": "abb0",
      "Username": "admin",
      "password": "123",
      "email": "ll"
    },
    {
      "id": "601e",
      "Username": "jeyaseelan",
      "password": "123",
      "email": "j@gmail.com"
    }
  ],
  "Message": [
    {
      "id": "d651",
      "Name": "bala s",
      "email": "21CS079@psr.edu.in",
      "message": "afdasf"
    },
    {
      "id": "fa84",
      "Name": "bala s",
      "email": "21CS079@psr.edu.in",
      "message": "hi jeyaseelan"
    }
  ],
  "Feedback": [
    {
      "name": "Ragu",
      "feed": "sdv",
      "id": "646c"
    },
    {
      "name": "jseelan",
      "feed": "doifjqr0fj",
      "id": "9960"
    }
  ]
}